Designator,Footprint,Quantity,Value,LCSC Part #
"C1, C10, C11, C12, C13, C14, C15, C16, C17, C18, C19, C20, C22, C23, C28, C5, C7, C8, C9",C_0402,19,0.1u,C56392
"C2, C21, C24, C25, C26, C27, C29, C3, C30, C4, C6",C_0402,11,2.2u,C77002
D1,LED_LiteOn_LTST-C19HE1WT,1,LTST-C19HE1WT,"C427425, C458749"
D2,0402,1,20V,
D3,0402,1,20V,
F1,0603,1,Fuse_Small,C210357
FB1,R_0402,1,FerriteBead_Small,
J1,USB_C_Receptacle_USB4105,1,USB_C_Receptacle_USB2.0,C167321
Q1,SOT-563,1,NTZD3155C or CMLDM3757-TR-PBFREE or DMC2400UV-7 or DMG1016VQ-7,"C895156, C236117, C3280275, C177025, C2940616"
"R1, R13, R15, R28",R_0402,4,17.4k,C409673
"R10, R18, R22, R23, R24, R26",R_0402,6,1Meg,C138033
"R11, R12, R14, R16, R19, R21, R27, R9",R_0402,8,47k,C144757
"R17, R2, R5, R6, R7",R_0402,5,1k,C106235
"R20, R29, R3, R4, R8",R_0402,5,5.1k,
R25,R_0402,1,15k,C409673
SW1,SW_SPST_EVQP2,1,SW_Push,"C79148, C713481"
"TP1, TP2, TP3, TP4",TestPoint_Pad_D1.0mm,4,TestPoint,
"U1, U10, U11, U2, U8, U9",SOT-886,6,"74LVC1T45GM,115","C548481, C548480, C548479"
"U12, U13, U14",DFN-6-1EP_1.2x1.2mm_P0.4mm_EP0.3x0.94mm_PullBack,3,NCP133AMXADJTCG,C457672
U3,USON-8-3x2mm-EP,1,W25Q8,"C2063555, C2759920, C2983691, C559220, C394861"
U4,DFN-16-1EP_1.6x4mm_P0.5mm,1,NUF8401MNT4G,C895158
U5,PinHeader_2x05_FTSH-105-01-L-DV-K,1,CortexDebug,"C2935458, C150517, C920815"
U6,RP2040-QFN-56,1,RP2040,C2040
U7,SOT-563,1,NUF2042XV6T1G,C90707
X1,Crystal_SMD_2520-4Pin_2.5x2.0mm,1,12 MHz,"C255991, C2681259, C3034288, C2901596"
